Name,Tags,Files
,,
Random Sequence Interpolation between two curves,,
"Copy of Carry over grease pencil objects from one frame to another ",,
Copy of Layers ?,,
Copy of How to make Transparent shader,,
Copy of How to make objects glow,,
"Copy of How to move the camera ",,
Copy of How to annotate on the surface,,
Copy of How to add custom Labels to Blender vertices,,
Copy of Move Objects with Script ?,,
"Copy of Insert Latex into Blender ? ",,
Copy of Transform a line to another element,,
Copy of How to add an Material to all elements,,
Copy of How to make Reflective Floor,doubt,
Copy of How to Animate the visibility of an aobject,,
Copy of Blender plugin to create and import latex,,
Make Paper Highlight in Blender,,
Copy of Drawing Effect Animation Blender,,
"Blender Grease Pencil ",chapter,
Camera Movement,,
Put a video on a plane,,
Change Origin Geometry ( Orange Dot ),,
How to add the same modifier to many objects,,
Make a Disintegration animation,,
Dynamic Paint,"chapter, physics properties",
Starting Developement of Belnder,,
"Shading ",chapter,
google colab for rendering,,
T81948 : Cursor disappearing in sculpt mode  in 2.91.0,bug,
Making Cities in Blender,component,